{"v":"5.9.0","fr":29.9700012207031,"ip":0,"op":30.0000012219251,"w":1920,"h":1080,"nm":"TEXTFONTTEST","ddd":0,"assets":[],"fonts":{"list":[{"origin":3,"fPath":"images/font_0","fClass":"","fFamily":"Vegan Style Personal Use","fWeight":"","fStyle":"Regular","fName":"VeganStylePersonalUse","ascent":101.086743354797}]},"layers":[{"ddd":0,"ind":1,"ty":5,"nm":"LINS LOUIS","sr":1,"ks":{"o":{"a":0,"k":100,"ix":11},"r":{"a":0,"k":0,"ix":10},"p":{"a":0,"k":[965,749,0],"ix":2,"l":2},"a":{"a":0,"k":[0,0,0],"ix":1,"l":2},"s":{"a":0,"k":[100,100,100],"ix":6,"l":2}},"ao":0,"t":{"d":{"k":[{"s":{"sz":[1534,212],"ps":[-767,-287],"s":224,"f":"VeganStylePersonalUse","t":"LINS LOUIS","ca":0,"j":5,"tr":0,"lh":268.800018310547,"ls":0,"fc":[0,1,0.444],"sc":[0,0.404,0.032],"sw":8,"of":true},"t":0}]},"p":{},"m":{"g":1,"a":{"a":0,"k":[0,0],"ix":2}},"a":[]},"ip":0,"op":900.000036657751,"st":0,"bm":0}],"markers":[]}